[
  {
    "id": "d1146dcc-159d-49b4-ba97-702bdf860927",
    "data": [
      {
        "text": "Complementary",
        "meta": "@ComplementaryMeinKyaChaiye",
        "alias": "ComplementaryMeinKyaChaiye",
        "userDefined": true
      }
    ],
    "isTemplate": false,
    "count": 0,
    "lang": "en",
    "updated": 0
  },
  {
    "id": "5305a329-2eb2-4d40-b902-d91d0ffa10ba",
    "data": [
      {
        "text": "Address",
        "meta": "@sys.zip-code",
        "alias": "zip-code",
        "userDefined": true
      }
    ],
    "isTemplate": false,
    "count": 0,
    "lang": "en",
    "updated": 0
  },
  {
    "id": "c22a74ed-52d1-41dd-a5ee-3d10d3752910",
    "data": [
      {
        "text": "Please order the vadapaav on this phone no. ",
        "userDefined": false
      },
      {
        "text": "9087887793",
        "meta": "@sys.number",
        "alias": "number",
        "userDefined": true
      }
    ],
    "isTemplate": false,
    "count": 0,
    "lang": "en",
    "updated": 0
  },
  {
    "id": "b7e27868-cb2d-405f-9017-8fafdd580643",
    "data": [
      {
        "text": "Please order the vadapaav on  yoyo",
        "userDefined": false
      },
      {
        "text": "@gmail.com",
        "meta": "@sys.email",
        "alias": "email",
        "userDefined": true
      }
    ],
    "isTemplate": false,
    "count": 0,
    "lang": "en",
    "updated": 0
  },
  {
    "id": "d8ec8179-d40e-45a0-9461-d20006597eeb",
    "data": [
      {
        "text": "can you place the order of vadapaav?",
        "userDefined": false
      }
    ],
    "isTemplate": false,
    "count": 0,
    "lang": "en",
    "updated": 0
  },
  {
    "id": "47ea8503-903e-489c-bcf3-94d50c6edf5e",
    "data": [
      {
        "text": "order a vadapaav for my gf!",
        "userDefined": false
      }
    ],
    "isTemplate": false,
    "count": 0,
    "lang": "en",
    "updated": 0
  },
  {
    "id": "0643e453-cc49-45c4-b9dd-0211de543f4e",
    "data": [
      {
        "text": "order a vadapaav",
        "userDefined": false
      }
    ],
    "isTemplate": false,
    "count": 0,
    "lang": "en",
    "updated": 0
  },
  {
    "id": "01fb1387-8dac-4f58-809d-88a81cd8d233",
    "data": [
      {
        "text": "order vadapaav",
        "userDefined": false
      }
    ],
    "isTemplate": false,
    "count": 0,
    "lang": "en",
    "updated": 0
  }
]